ハーマイオニー	違うわ！
管理者	testです。
管理者	testです。
ミカエル アンパンマンasdfasd	asdfasdfa
asdfasd	asdfasdfa
asdfasd	asdfasdfa
asdfasd	asdfasdfa
zdsfgsdfg	sdrfgsdfgsd
zdsfgsdfg	sdrfgsdfgsd
zdsfgsdfg	sdrfgsdfgsd
adsfgrsdtyhudrttyj	ghsdfhgsdfgjhdfg
adsfgrsdtyhudrttyj	ghsdfhgsdfgjhdfg
edxsfhggdsffg	sdgfsdfgsdxf
edxsfhggdsffg	sdgfsdfgsdxf
edxsfhggdsffg	sdgfsdfgsdxf
edxsfhggdsffg	sdgfsdfgsdxf
edxsfhggdsffg	sdgfsdfgsdxf
edxsfhggdsffg	sdgfsdfgsdxf
edxsfhggdsffg	sdgfsdfgsdxf
edxsfhggdsffg	sdgfsdfgsdxf
edxsfhggdsffg	sdgfsdfgsdxf
edxsfhggdsffg	sdgfsdfgsdxf
edxsfhggdsffg	sdgfsdfgsdxf
edxsfhggdsffg	sdgfsdfgsdxf
edxsfhggdsffg	sdgfsdfgsdxf
あんぱんまん	あぱまん
