2018-01-18 06:08:50,あんぱん,ホソミタスク
2018-01-18 06:09:00,fhdfghkjfhdafsdghj,asdfghjjkhggasdfkgjj
2018-01-18 06:11:37,fhdfghkjfhdafsdghj,asdfghjjkhggasdfkgjj
2018-01-18 06:11:37,fhdfghkjfhdafsdghj,asdfghjjkhggasdfkgjj
2018-01-18 06:11:38,fhdfghkjfhdafsdghj,asdfghjjkhggasdfkgjj
2018-01-18 06:11:38,fhdfghkjfhdafsdghj,asdfghjjkhggasdfkgjj
2018-01-18 06:11:39,fhdfghkjfhdafsdghj,asdfghjjkhggasdfkgjj
2018-01-18 06:11:39,fhdfghkjfhdafsdghj,asdfghjjkhggasdfkgjj
2018-01-18 06:11:39,fhdfghkjfhdafsdghj,asdfghjjkhggasdfkgjj
2018-01-18 06:11:39,fhdfghkjfhdafsdghj,asdfghjjkhggasdfkgjj
2018-01-18 06:11:39,fhdfghkjfhdafsdghj,asdfghjjkhggasdfkgjj
2018-01-18 06:11:39,fhdfghkjfhdafsdghj,asdfghjjkhggasdfkgjj
2018-01-18 06:11:39,fhdfghkjfhdafsdghj,asdfghjjkhggasdfkgjj
2018-01-18 06:11:40,fhdfghkjfhdafsdghj,asdfghjjkhggasdfkgjj
2018-01-18 06:11:40,fhdfghkjfhdafsdghj,asdfghjjkhggasdfkgjj
2018-01-18 06:11:40,fhdfghkjfhdafsdghj,asdfghjjkhggasdfkgjj
2018-01-18 06:11:40,fhdfghkjfhdafsdghj,asdfghjjkhggasdfkgjj
2018-01-18 06:11:46,asdfasdfas,asdfasdfasdf
2018-01-18 06:11:53,seefgdhjgkjtygkhjlkjhg,asdfghjkkjsdhjk
2018-01-18 06:12:13,asdghfgfsgdghjghfdsfs,sdfghjfjhfgfasfdhfjjh,
2018-01-18 06:12:28,asdghfgfsgdghjghfdsfs,sdfghjfjhfgfasfdhfjjh,
2018-01-18 06:12:29,asdghfgfsgdghjghfdsfs,sdfghjfjhfgfasfdhfjjh,
2018-01-18 06:12:29,asdghfgfsgdghjghfdsfs,sdfghjfjhfgfasfdhfjjh,
2018-01-18 06:12:29,asdghfgfsgdghjghfdsfs,sdfghjfjhfgfasfdhfjjh,
2018-01-18 06:12:30,asdghfgfsgdghjghfdsfs,sdfghjfjhfgfasfdhfjjh,
2018-01-18 06:12:30,asdghfgfsgdghjghfdsfs,sdfghjfjhfgfasfdhfjjh,
2018-01-18 06:12:30,asdghfgfsgdghjghfdsfs,sdfghjfjhfgfasfdhfjjh,
2018-01-18 06:12:30,asdghfgfsgdghjghfdsfs,sdfghjfjhfgfasfdhfjjh,
2018-01-18 06:12:31,asdghfgfsgdghjghfdsfs,sdfghjfjhfgfasfdhfjjh,
2018-01-18 06:12:31,asdghfgfsgdghjghfdsfs,sdfghjfjhfgfasfdhfjjh,
2018-01-18 06:12:31,asdghfgfsgdghjghfdsfs,sdfghjfjhfgfasfdhfjjh,
